winter_year,omiwatari_status,ice_cover_status,first_appearance_date,event_ids,source_ids,quality_flags,research_status,notes
1877,occurred,unknown,,1877-season_report-1,arakawa1954,historical_compilation;definitions_vary;early_definition_caution,reviewed_with_limits,此年依歷史彙編記載呈現；當時的觀測者、方法與現代未必相同。
1878,occurred,unknown,,1878-season_report-1,arakawa1954,historical_compilation;definitions_vary;early_definition_caution,reviewed_with_limits,此年依歷史彙編記載呈現；當時的觀測者、方法與現代未必相同。
1879,occurred,unknown,,1879-season_report-1,arakawa1954,historical_compilation;definitions_vary;early_definition_caution,reviewed_with_limits,此年依歷史彙編記載呈現；當時的觀測者、方法與現代未必相同。
1880,not_observed,unknown,,1880-season_report-1,arakawa1954,historical_compilation;definitions_vary;early_definition_caution,reviewed_with_limits,此年依歷史彙編記載呈現；當時的觀測者、方法與現代未必相同。
1881,occurred,unknown,,1881-season_report-1,arakawa1954,historical_compilation;definitions_vary;early_definition_caution,reviewed_with_limits,此年依歷史彙編記載呈現；當時的觀測者、方法與現代未必相同。
1882,occurred,unknown,,1882-season_report-1,arakawa1954,historical_compilation;definitions_vary;early_definition_caution,reviewed_with_limits,此年依歷史彙編記載呈現；當時的觀測者、方法與現代未必相同。
1883,occurred,unknown,,1883-season_report-1,arakawa1954,historical_compilation;definitions_vary;early_definition_caution,reviewed_with_limits,此年依歷史彙編記載呈現；當時的觀測者、方法與現代未必相同。
1884,occurred,unknown,,1884-season_report-1,arakawa1954,historical_compilation;definitions_vary;early_definition_caution,reviewed_with_limits,此年依歷史彙編記載呈現；當時的觀測者、方法與現代未必相同。
1885,occurred,unknown,,1885-season_report-1,arakawa1954,historical_compilation;definitions_vary;early_definition_caution,reviewed_with_limits,此年依歷史彙編記載呈現；當時的觀測者、方法與現代未必相同。
1886,occurred,unknown,,1886-season_report-1,arakawa1954,historical_compilation;definitions_vary;early_definition_caution,reviewed_with_limits,此年依歷史彙編記載呈現；當時的觀測者、方法與現代未必相同。
1887,occurred,unknown,,1887-season_report-1,arakawa1954,historical_compilation;definitions_vary;early_definition_caution,reviewed_with_limits,此年依歷史彙編記載呈現；當時的觀測者、方法與現代未必相同。
1888,occurred,unknown,,1888-season_report-1,arakawa1954,historical_compilation;definitions_vary;early_definition_caution,reviewed_with_limits,此年依歷史彙編記載呈現；當時的觀測者、方法與現代未必相同。
1889,occurred,unknown,,1889-season_report-1,arakawa1954,historical_compilation;definitions_vary;early_definition_caution,reviewed_with_limits,此年依歷史彙編記載呈現；當時的觀測者、方法與現代未必相同。
1890,not_observed,unknown,,1890-season_report-1,arakawa1954,historical_compilation;definitions_vary;early_definition_caution,reviewed_with_limits,此年依歷史彙編記載呈現；當時的觀測者、方法與現代未必相同。
1891,occurred,unknown,,1891-season_report-1,arakawa1954,historical_compilation;definitions_vary;early_definition_caution,reviewed_with_limits,此年依歷史彙編記載呈現；當時的觀測者、方法與現代未必相同。
1892,occurred,unknown,,1892-season_report-1,arakawa1954,historical_compilation;definitions_vary;early_definition_caution,reviewed_with_limits,此年依歷史彙編記載呈現；當時的觀測者、方法與現代未必相同。
1893,occurred,unknown,,1893-ceremony-1,arakawa1954,historical_compilation;definitions_vary;early_definition_caution,reviewed_with_limits,此年依歷史彙編記載呈現；當時的觀測者、方法與現代未必相同。；未取得冰脊連續可見的起訖；日期不是整段觀賞期間。
1894,occurred,unknown,,1894-ceremony-1,arakawa1954,historical_compilation;definitions_vary;early_definition_caution,reviewed_with_limits,此年依歷史彙編記載呈現；當時的觀測者、方法與現代未必相同。；未取得冰脊連續可見的起訖；日期不是整段觀賞期間。
1895,occurred,unknown,,1895-ceremony-1,arakawa1954,historical_compilation;definitions_vary;early_definition_caution,reviewed_with_limits,此年依歷史彙編記載呈現；當時的觀測者、方法與現代未必相同。；未取得冰脊連續可見的起訖；日期不是整段觀賞期間。
1896,occurred,unknown,,1896-ceremony-1,arakawa1954,historical_compilation;definitions_vary;early_definition_caution,reviewed_with_limits,此年依歷史彙編記載呈現；當時的觀測者、方法與現代未必相同。；未取得冰脊連續可見的起訖；日期不是整段觀賞期間。
1897,occurred,unknown,,1897-ceremony-1,arakawa1954,historical_compilation;definitions_vary,reviewed_with_limits,此年依歷史彙編記載呈現；當時的觀測者、方法與現代未必相同。；未取得冰脊連續可見的起訖；日期不是整段觀賞期間。
1898,occurred,unknown,,1898-ceremony-1,arakawa1954,historical_compilation;definitions_vary,reviewed_with_limits,此年依歷史彙編記載呈現；當時的觀測者、方法與現代未必相同。；未取得冰脊連續可見的起訖；日期不是整段觀賞期間。
1899,occurred,unknown,,1899-ceremony-1,arakawa1954,historical_compilation;definitions_vary,reviewed_with_limits,此年依歷史彙編記載呈現；當時的觀測者、方法與現代未必相同。；未取得冰脊連續可見的起訖；日期不是整段觀賞期間。
1900,occurred,unknown,,1900-ceremony-1,arakawa1954,historical_compilation;definitions_vary,reviewed_with_limits,此年依歷史彙編記載呈現；當時的觀測者、方法與現代未必相同。；未取得冰脊連續可見的起訖；日期不是整段觀賞期間。
1901,occurred,unknown,,1901-ceremony-1,arakawa1954,historical_compilation;definitions_vary,reviewed_with_limits,此年依歷史彙編記載呈現；當時的觀測者、方法與現代未必相同。；未取得冰脊連續可見的起訖；日期不是整段觀賞期間。
1902,occurred,unknown,,1902-ceremony-1,arakawa1954,historical_compilation;definitions_vary,reviewed_with_limits,此年依歷史彙編記載呈現；當時的觀測者、方法與現代未必相同。；未取得冰脊連續可見的起訖；日期不是整段觀賞期間。
1903,occurred,unknown,,1903-ceremony-1,arakawa1954,historical_compilation;definitions_vary,reviewed_with_limits,此年依歷史彙編記載呈現；當時的觀測者、方法與現代未必相同。；未取得冰脊連續可見的起訖；日期不是整段觀賞期間。
1904,occurred,unknown,,1904-ceremony-1,arakawa1954,historical_compilation;definitions_vary,reviewed_with_limits,此年依歷史彙編記載呈現；當時的觀測者、方法與現代未必相同。；未取得冰脊連續可見的起訖；日期不是整段觀賞期間。
1905,occurred,unknown,,1905-ceremony-1,arakawa1954,historical_compilation;definitions_vary,reviewed_with_limits,此年依歷史彙編記載呈現；當時的觀測者、方法與現代未必相同。；未取得冰脊連續可見的起訖；日期不是整段觀賞期間。
1906,occurred,unknown,,1906-ceremony-1,arakawa1954,historical_compilation;definitions_vary,reviewed_with_limits,此年依歷史彙編記載呈現；當時的觀測者、方法與現代未必相同。；未取得冰脊連續可見的起訖；日期不是整段觀賞期間。
1907,occurred,unknown,,1907-ceremony-1,arakawa1954,historical_compilation;definitions_vary,reviewed_with_limits,此年依歷史彙編記載呈現；當時的觀測者、方法與現代未必相同。；未取得冰脊連續可見的起訖；日期不是整段觀賞期間。
1908,occurred,unknown,,1908-ceremony-1,arakawa1954,historical_compilation;definitions_vary,reviewed_with_limits,此年依歷史彙編記載呈現；當時的觀測者、方法與現代未必相同。；未取得冰脊連續可見的起訖；日期不是整段觀賞期間。
1909,occurred,unknown,,1909-ceremony-1,arakawa1954,historical_compilation;definitions_vary,reviewed_with_limits,此年依歷史彙編記載呈現；當時的觀測者、方法與現代未必相同。；未取得冰脊連續可見的起訖；日期不是整段觀賞期間。
1910,occurred,unknown,,1910-ceremony-1,arakawa1954,historical_compilation;definitions_vary,reviewed_with_limits,此年依歷史彙編記載呈現；當時的觀測者、方法與現代未必相同。；未取得冰脊連續可見的起訖；日期不是整段觀賞期間。
1911,occurred,unknown,,1911-ceremony-1,arakawa1954,historical_compilation;definitions_vary,reviewed_with_limits,此年依歷史彙編記載呈現；當時的觀測者、方法與現代未必相同。；未取得冰脊連續可見的起訖；日期不是整段觀賞期間。
1912,occurred,unknown,,1912-ceremony-1,arakawa1954,historical_compilation;definitions_vary,reviewed_with_limits,此年依歷史彙編記載呈現；當時的觀測者、方法與現代未必相同。；未取得冰脊連續可見的起訖；日期不是整段觀賞期間。
1913,occurred,unknown,,1913-ceremony-1,arakawa1954,historical_compilation;definitions_vary,reviewed_with_limits,此年依歷史彙編記載呈現；當時的觀測者、方法與現代未必相同。；未取得冰脊連續可見的起訖；日期不是整段觀賞期間。
1914,not_observed,unknown,,1914-season_report-1,arakawa1954,historical_compilation;definitions_vary,reviewed_with_limits,此年依歷史彙編記載呈現；當時的觀測者、方法與現代未必相同。
1915,occurred,unknown,,1915-ceremony-1,arakawa1954,historical_compilation;definitions_vary,reviewed_with_limits,此年依歷史彙編記載呈現；當時的觀測者、方法與現代未必相同。；未取得冰脊連續可見的起訖；日期不是整段觀賞期間。
1916,not_observed,unknown,,1916-season_report-1,arakawa1954,historical_compilation;definitions_vary,reviewed_with_limits,此年依歷史彙編記載呈現；當時的觀測者、方法與現代未必相同。
1917,occurred,unknown,,1917-ceremony-1,arakawa1954,historical_compilation;definitions_vary,reviewed_with_limits,此年依歷史彙編記載呈現；當時的觀測者、方法與現代未必相同。；未取得冰脊連續可見的起訖；日期不是整段觀賞期間。
1918,occurred,unknown,,1918-ceremony-1,arakawa1954,historical_compilation;definitions_vary,reviewed_with_limits,此年依歷史彙編記載呈現；當時的觀測者、方法與現代未必相同。；未取得冰脊連續可見的起訖；日期不是整段觀賞期間。
1919,occurred,unknown,,1919-ceremony-1,arakawa1954,historical_compilation;definitions_vary,reviewed_with_limits,此年依歷史彙編記載呈現；當時的觀測者、方法與現代未必相同。；未取得冰脊連續可見的起訖；日期不是整段觀賞期間。
1920,occurred,unknown,,1920-ceremony-1,arakawa1954,historical_compilation;definitions_vary,reviewed_with_limits,此年依歷史彙編記載呈現；當時的觀測者、方法與現代未必相同。；未取得冰脊連續可見的起訖；日期不是整段觀賞期間。
1921,occurred,unknown,,1921-ceremony-1,arakawa1954,historical_compilation;definitions_vary,reviewed_with_limits,此年依歷史彙編記載呈現；當時的觀測者、方法與現代未必相同。；未取得冰脊連續可見的起訖；日期不是整段觀賞期間。
1922,occurred,unknown,,1922-ceremony-1,arakawa1954,historical_compilation;definitions_vary,reviewed_with_limits,此年依歷史彙編記載呈現；當時的觀測者、方法與現代未必相同。；未取得冰脊連續可見的起訖；日期不是整段觀賞期間。
1923,occurred,unknown,,1923-ceremony-1,arakawa1954,historical_compilation;definitions_vary,reviewed_with_limits,此年依歷史彙編記載呈現；當時的觀測者、方法與現代未必相同。；未取得冰脊連續可見的起訖；日期不是整段觀賞期間。
1924,occurred,unknown,1924-01-30,1924-first_observed-1,arakawa1954,historical_compilation;definitions_vary,reviewed_with_limits,此年依歷史彙編記載呈現；當時的觀測者、方法與現代未必相同。；未取得冰脊連續可見的起訖；日期不是整段觀賞期間。
1925,occurred,unknown,1925-01-17,1925-first_observed-1,arakawa1954,historical_compilation;definitions_vary,reviewed_with_limits,此年依歷史彙編記載呈現；當時的觀測者、方法與現代未必相同。；未取得冰脊連續可見的起訖；日期不是整段觀賞期間。
1926,occurred,unknown,1926-01-07,1926-first_observed-1,arakawa1954,historical_compilation;definitions_vary,reviewed_with_limits,此年依歷史彙編記載呈現；當時的觀測者、方法與現代未必相同。；未取得冰脊連續可見的起訖；日期不是整段觀賞期間。
1927,occurred,unknown,1926-12-28,1927-first_observed-1,arakawa1954,historical_compilation;definitions_vary,reviewed_with_limits,此年依歷史彙編記載呈現；當時的觀測者、方法與現代未必相同。；未取得冰脊連續可見的起訖；日期不是整段觀賞期間。
1928,occurred,unknown,1928-01-08,1928-first_observed-1,arakawa1954,historical_compilation;definitions_vary,reviewed_with_limits,此年依歷史彙編記載呈現；當時的觀測者、方法與現代未必相同。；未取得冰脊連續可見的起訖；日期不是整段觀賞期間。
1929,occurred,unknown,1929-01-05,1929-first_observed-1,arakawa1954,historical_compilation;definitions_vary,reviewed_with_limits,此年依歷史彙編記載呈現；當時的觀測者、方法與現代未必相同。；未取得冰脊連續可見的起訖；日期不是整段觀賞期間。
1930,occurred,unknown,1930-01-11,1930-first_observed-1,arakawa1954,historical_compilation;definitions_vary,reviewed_with_limits,此年依歷史彙編記載呈現；當時的觀測者、方法與現代未必相同。；未取得冰脊連續可見的起訖；日期不是整段觀賞期間。
1931,occurred,unknown,1931-01-18,1931-first_observed-1,arakawa1954,historical_compilation;definitions_vary,reviewed_with_limits,此年依歷史彙編記載呈現；當時的觀測者、方法與現代未必相同。；未取得冰脊連續可見的起訖；日期不是整段觀賞期間。
1932,not_observed,unknown,,1932-season_report-1,arakawa1954,historical_compilation;definitions_vary,reviewed_with_limits,此年依歷史彙編記載呈現；當時的觀測者、方法與現代未必相同。
1933,occurred,unknown,1933-01-16,1933-first_observed-1,arakawa1954,historical_compilation;definitions_vary,reviewed_with_limits,此年依歷史彙編記載呈現；當時的觀測者、方法與現代未必相同。；未取得冰脊連續可見的起訖；日期不是整段觀賞期間。
1934,occurred,unknown,1934-01-10,1934-first_observed-1,arakawa1954,historical_compilation;definitions_vary,reviewed_with_limits,此年依歷史彙編記載呈現；當時的觀測者、方法與現代未必相同。；未取得冰脊連續可見的起訖；日期不是整段觀賞期間。
1935,occurred,unknown,1935-02-09,1935-first_observed-1,arakawa1954,historical_compilation;definitions_vary,reviewed_with_limits,此年依歷史彙編記載呈現；當時的觀測者、方法與現代未必相同。；未取得冰脊連續可見的起訖；日期不是整段觀賞期間。
1936,occurred,unknown,1935-12-31,1936-first_observed-1,arakawa1954,historical_compilation;definitions_vary,reviewed_with_limits,此年依歷史彙編記載呈現；當時的觀測者、方法與現代未必相同。；未取得冰脊連續可見的起訖；日期不是整段觀賞期間。
1937,not_observed,unknown,,1937-season_report-1,arakawa1954,historical_compilation;definitions_vary,reviewed_with_limits,此年依歷史彙編記載呈現；當時的觀測者、方法與現代未必相同。
1938,occurred,unknown,1938-01-09,1938-first_observed-1,arakawa1954,historical_compilation;definitions_vary,reviewed_with_limits,此年依歷史彙編記載呈現；當時的觀測者、方法與現代未必相同。；未取得冰脊連續可見的起訖；日期不是整段觀賞期間。
1939,occurred,unknown,1939-01-08,1939-first_observed-1,arakawa1954,historical_compilation;definitions_vary,reviewed_with_limits,此年依歷史彙編記載呈現；當時的觀測者、方法與現代未必相同。；未取得冰脊連續可見的起訖；日期不是整段觀賞期間。
1940,occurred,unknown,1940-01-22,1940-first_observed-1,arakawa1954,historical_compilation;definitions_vary,reviewed_with_limits,此年依歷史彙編記載呈現；當時的觀測者、方法與現代未必相同。；未取得冰脊連續可見的起訖；日期不是整段觀賞期間。
1941,occurred,unknown,1941-02-05,1941-first_observed-1,arakawa1954,historical_compilation;definitions_vary,reviewed_with_limits,此年依歷史彙編記載呈現；當時的觀測者、方法與現代未必相同。；未取得冰脊連續可見的起訖；日期不是整段觀賞期間。
1942,occurred,unknown,1942-01-22,1942-first_observed-1,arakawa1954,historical_compilation;definitions_vary,reviewed_with_limits,此年依歷史彙編記載呈現；當時的觀測者、方法與現代未必相同。；未取得冰脊連續可見的起訖；日期不是整段觀賞期間。
1943,occurred,unknown,1943-01-08,1943-first_observed-1,arakawa1954,historical_compilation;definitions_vary,reviewed_with_limits,此年依歷史彙編記載呈現；當時的觀測者、方法與現代未必相同。；未取得冰脊連續可見的起訖；日期不是整段觀賞期間。
1944,occurred,unknown,1944-01-19,1944-first_observed-1,arakawa1954,historical_compilation;definitions_vary,reviewed_with_limits,此年依歷史彙編記載呈現；當時的觀測者、方法與現代未必相同。；未取得冰脊連續可見的起訖；日期不是整段觀賞期間。
1945,occurred,unknown,1945-01-05,1945-first_observed-1,arakawa1954,historical_compilation;definitions_vary,reviewed_with_limits,此年依歷史彙編記載呈現；當時的觀測者、方法與現代未必相同。；未取得冰脊連續可見的起訖；日期不是整段觀賞期間。
1946,occurred,unknown,1946-01-03,1946-first_observed-1,arakawa1954,historical_compilation;definitions_vary,reviewed_with_limits,此年依歷史彙編記載呈現；當時的觀測者、方法與現代未必相同。；未取得冰脊連續可見的起訖；日期不是整段觀賞期間。
1947,occurred,unknown,1947-01-08,1947-first_observed-1,arakawa1954,historical_compilation;definitions_vary,reviewed_with_limits,此年依歷史彙編記載呈現；當時的觀測者、方法與現代未必相同。；未取得冰脊連續可見的起訖；日期不是整段觀賞期間。
1948,occurred,unknown,1947-12-24,1948-first_observed-1,arakawa1954,historical_compilation;definitions_vary,reviewed_with_limits,此年依歷史彙編記載呈現；當時的觀測者、方法與現代未必相同。；未取得冰脊連續可見的起訖；日期不是整段觀賞期間。
1949,not_observed,unknown,,1949-season_report-1,arakawa1954,historical_compilation;definitions_vary,reviewed_with_limits,此年依歷史彙編記載呈現；當時的觀測者、方法與現代未必相同。
1950,occurred,unknown,1950-01-13,1950-first_observed-1,arakawa1954,historical_compilation;definitions_vary,reviewed_with_limits,此年依歷史彙編記載呈現；當時的觀測者、方法與現代未必相同。；未取得冰脊連續可見的起訖；日期不是整段觀賞期間。
1951,occurred,unknown,1951-01-09,1951-first_observed-1,arakawa1954,historical_compilation;definitions_vary,reviewed_with_limits,此年依歷史彙編記載呈現；當時的觀測者、方法與現代未必相同。；未取得冰脊連續可見的起訖；日期不是整段觀賞期間。
1952,occurred,unknown,1952-01-19,1952-first_observed-1,arakawa1954,historical_compilation;definitions_vary,reviewed_with_limits,此年依歷史彙編記載呈現；當時的觀測者、方法與現代未必相同。；未取得冰脊連續可見的起訖；日期不是整段觀賞期間。
1953,not_observed,unknown,,1953-season_report-1,arakawa1954,historical_compilation;definitions_vary,reviewed_with_limits,此年依歷史彙編記載呈現；當時的觀測者、方法與現代未必相同。
1954,occurred,unknown,1954-01-27,1954-first_observed-1,arakawa1954,historical_compilation;definitions_vary,reviewed_with_limits,此年依歷史彙編記載呈現；當時的觀測者、方法與現代未必相同。；未取得冰脊連續可見的起訖；日期不是整段觀賞期間。
1955,unknown,unknown,,,ishiguro2001;hasegawa2024;mikami-graph;gemini_s006;gemini_s_nagano,unverified_secondary_candidate,candidate_unverified,找到二手年表線索，但上游原文尚未核實；不納入年度比例或首次日期統計。
1956,unknown,unknown,,,ishiguro2001;hasegawa2024;mikami-graph;gemini_s006;gemini_s_nagano,unverified_secondary_candidate,candidate_unverified,找到二手年表線索，但上游原文尚未核實；不納入年度比例或首次日期統計。
1957,unknown,unknown,,,ishiguro2001;hasegawa2024;mikami-graph;gemini_s006;gemini_s_nagano,unverified_secondary_candidate,candidate_unverified,找到二手年表線索，但上游原文尚未核實；不納入年度比例或首次日期統計。
1958,unknown,unknown,,,ishiguro2001;hasegawa2024;mikami-graph;gemini_s006;gemini_s_nagano,unverified_secondary_candidate,candidate_unverified,找到二手年表線索，但上游原文尚未核實；不納入年度比例或首次日期統計。
1959,unknown,unknown,,,ishiguro2001;hasegawa2024;mikami-graph;gemini_s006;gemini_s_nagano,unverified_secondary_candidate,candidate_unverified,找到二手年表線索，但上游原文尚未核實；不納入年度比例或首次日期統計。
1960,unknown,unknown,,,ishiguro2001;hasegawa2024;mikami-graph;gemini_s006;gemini_s_nagano,unverified_secondary_candidate,candidate_unverified,找到二手年表線索，但上游原文尚未核實；不納入年度比例或首次日期統計。
1961,unknown,unknown,,,ishiguro2001;hasegawa2024;mikami-graph;gemini_s006;gemini_s_nagano,unverified_secondary_candidate,candidate_unverified,找到二手年表線索，但上游原文尚未核實；不納入年度比例或首次日期統計。
1962,unknown,unknown,,,ishiguro2001;hasegawa2024;mikami-graph;gemini_s006;gemini_s_nagano,unverified_secondary_candidate,candidate_unverified,找到二手年表線索，但上游原文尚未核實；不納入年度比例或首次日期統計。
1963,unknown,unknown,,,ishiguro2001;hasegawa2024;mikami-graph;gemini_s006;gemini_s_nagano,unverified_secondary_candidate,candidate_unverified,找到二手年表線索，但上游原文尚未核實；不納入年度比例或首次日期統計。
1964,unknown,unknown,,,ishiguro2001;hasegawa2024;mikami-graph;gemini_s006;gemini_s_nagano,unverified_secondary_candidate,candidate_unverified,找到二手年表線索，但上游原文尚未核實；不納入年度比例或首次日期統計。
1965,unknown,unknown,,,ishiguro2001;hasegawa2024;mikami-graph;gemini_s006;gemini_s_nagano,unverified_secondary_candidate,candidate_unverified,找到二手年表線索，但上游原文尚未核實；不納入年度比例或首次日期統計。
1966,unknown,unknown,,,ishiguro2001;hasegawa2024;mikami-graph;gemini_s006;gemini_s_nagano,unverified_secondary_candidate,candidate_unverified,找到二手年表線索，但上游原文尚未核實；不納入年度比例或首次日期統計。
1967,unknown,unknown,,,ishiguro2001;hasegawa2024;mikami-graph;gemini_s006;gemini_s_nagano,unverified_secondary_candidate,candidate_unverified,找到二手年表線索，但上游原文尚未核實；不納入年度比例或首次日期統計。
1968,unknown,unknown,,,ishiguro2001;hasegawa2024;mikami-graph;gemini_s006;gemini_s_nagano,unverified_secondary_candidate,candidate_unverified,找到二手年表線索，但上游原文尚未核實；不納入年度比例或首次日期統計。
1969,unknown,unknown,,,ishiguro2001;hasegawa2024;mikami-graph;gemini_s006;gemini_s_nagano,unverified_secondary_candidate,candidate_unverified,找到二手年表線索，但上游原文尚未核實；不納入年度比例或首次日期統計。
1970,unknown,unknown,,,ishiguro2001;hasegawa2024;mikami-graph;gemini_s006;gemini_s_nagano,unverified_secondary_candidate,candidate_unverified,找到二手年表線索，但上游原文尚未核實；不納入年度比例或首次日期統計。
1971,unknown,unknown,,,ishiguro2001;hasegawa2024;mikami-graph;gemini_s006;gemini_s_nagano,unverified_secondary_candidate,candidate_unverified,找到二手年表線索，但上游原文尚未核實；不納入年度比例或首次日期統計。
1972,unknown,unknown,,,ishiguro2001;hasegawa2024;mikami-graph;gemini_s006;gemini_s_nagano,unverified_secondary_candidate,candidate_unverified,找到二手年表線索，但上游原文尚未核實；不納入年度比例或首次日期統計。
1973,unknown,unknown,,,ishiguro2001;hasegawa2024;mikami-graph;gemini_s006;gemini_s_nagano,unverified_secondary_candidate,candidate_unverified,找到二手年表線索，但上游原文尚未核實；不納入年度比例或首次日期統計。
1974,unknown,unknown,,,ishiguro2001;hasegawa2024;mikami-graph;gemini_s006;gemini_s_nagano,unverified_secondary_candidate,candidate_unverified,找到二手年表線索，但上游原文尚未核實；不納入年度比例或首次日期統計。
1975,unknown,unknown,,,ishiguro2001;hasegawa2024;mikami-graph;gemini_s006;gemini_s_nagano,unverified_secondary_candidate,candidate_unverified,找到二手年表線索，但上游原文尚未核實；不納入年度比例或首次日期統計。
1976,unknown,unknown,,,ishiguro2001;hasegawa2024;mikami-graph;gemini_s006;gemini_s_nagano,unverified_secondary_candidate,candidate_unverified,找到二手年表線索，但上游原文尚未核實；不納入年度比例或首次日期統計。
1977,unknown,unknown,,,ishiguro2001;hasegawa2024;mikami-graph;gemini_s006;gemini_s_nagano,unverified_secondary_candidate,candidate_unverified,找到二手年表線索，但上游原文尚未核實；不納入年度比例或首次日期統計。
1978,occurred,unknown,,1978-season_report-1,ishiguro2004,retrospective_mention,reviewed_with_limits,尚未取得精確首次出現日或連續可見期間。
1979,unknown,unknown,,,ishiguro2001;hasegawa2024;mikami-graph;gemini_s006;gemini_s_nagano,unverified_secondary_candidate,candidate_unverified,找到二手年表線索，但上游原文尚未核實；不納入年度比例或首次日期統計。
1980,unknown,unknown,,,ishiguro2001;hasegawa2024;mikami-graph;gemini_s006;gemini_s_nagano,unverified_secondary_candidate,candidate_unverified,找到二手年表線索，但上游原文尚未核實；不納入年度比例或首次日期統計。
1981,unknown,unknown,,,ishiguro2001;hasegawa2024;mikami-graph;gemini_s006;gemini_s_nagano,unverified_secondary_candidate,candidate_unverified,找到二手年表線索，但上游原文尚未核實；不納入年度比例或首次日期統計。
1982,unknown,unknown,,,ishiguro2001;hasegawa2024;mikami-graph;gemini_s006;gemini_s_nagano,unverified_secondary_candidate,candidate_unverified,找到二手年表線索，但上游原文尚未核實；不納入年度比例或首次日期統計。
1983,unknown,unknown,,,ishiguro2001;hasegawa2024;mikami-graph;gemini_s006;gemini_s_nagano,unverified_secondary_candidate,candidate_unverified,找到二手年表線索，但上游原文尚未核實；不納入年度比例或首次日期統計。
1984,unknown,unknown,,,ishiguro2001;hasegawa2024;mikami-graph;gemini_s006;gemini_s_nagano,unverified_secondary_candidate,candidate_unverified,找到二手年表線索，但上游原文尚未核實；不納入年度比例或首次日期統計。
1985,unknown,unknown,,,ishiguro2001;hasegawa2024;mikami-graph;gemini_s006;gemini_s_nagano,unverified_secondary_candidate,candidate_unverified,找到二手年表線索，但上游原文尚未核實；不納入年度比例或首次日期統計。
1986,unknown,unknown,,,ishiguro2001;hasegawa2024;mikami-graph;gemini_s006;gemini_s_nagano,unverified_secondary_candidate,candidate_unverified,找到二手年表線索，但上游原文尚未核實；不納入年度比例或首次日期統計。
1987,not_observed,unknown,,1987-season_report-1,gemini_s005,retrospective_summary,reviewed_with_limits,尚未取得精確首次出現日或連續可見期間。
1988,not_observed,unknown,,1988-season_report-1,gemini_s005,retrospective_summary,reviewed_with_limits,尚未取得精確首次出現日或連續可見期間。
1989,not_observed,unknown,,1989-season_report-1,gemini_s005,retrospective_summary,reviewed_with_limits,尚未取得精確首次出現日或連續可見期間。
1990,not_observed,unknown,,1990-season_report-1,ishiguro2004,,reviewed_with_limits,尚未取得精確首次出現日或連續可見期間。
1991,occurred,unknown,,1991-season_report-1,ishiguro2004,,reviewed_with_limits,尚未取得精確首次出現日或連續可見期間。
1992,not_observed,unknown,,1992-season_report-1,ishiguro2004,,reviewed_with_limits,尚未取得精確首次出現日或連續可見期間。
1993,not_observed,unknown,,1993-season_report-1,ishiguro2004,,reviewed_with_limits,尚未取得精確首次出現日或連續可見期間。
1994,not_observed,unknown,,1994-season_report-1,ishiguro2004,,reviewed_with_limits,尚未取得精確首次出現日或連續可見期間。
1995,not_observed,unknown,,1995-season_report-1,ishiguro2004,,reviewed_with_limits,尚未取得精確首次出現日或連續可見期間。
1996,not_observed,unknown,,1996-season_report-1,ishiguro2004,,reviewed_with_limits,尚未取得精確首次出現日或連續可見期間。
1997,not_observed,unknown,,1997-season_report-1,ishiguro2004,,reviewed_with_limits,尚未取得精確首次出現日或連續可見期間。
1998,occurred,unknown,,1998-sighting-2;1998-season_report-1,ishiguro2004;jcdp2017,,reviewed_with_limits,尚未取得精確首次出現日或連續可見期間。
1999,not_observed,unknown,,1999-season_report-1,ishiguro2004,,reviewed_with_limits,尚未取得精確首次出現日或連續可見期間。
2000,not_observed,unknown,,2000-season_report-1,ishiguro2004,,reviewed_with_limits,尚未取得精確首次出現日或連續可見期間。
2001,not_observed,unknown,,2001-season_report-1,ishiguro2004,,reviewed_with_limits,尚未取得精確首次出現日或連續可見期間。
2002,not_observed,unknown,,2002-season_report-1,ishiguro2004,,reviewed_with_limits,尚未取得精確首次出現日或連續可見期間。
2003,occurred,unknown,,2003-sighting-2;2003-recognition-3;2003-ceremony-4;2003-season_report-1,ishiguro2004,,reviewed_with_limits,論文開頭概述1/19正式承認，後文第41頁區分1/17公認與1/19拝觀；本版按詳細記述分列。；這次目擊不是完整的首次出現時間或連續可見期間。
2004,occurred,unknown,,2004-first_observed-2;2004-first_observed-3;2004-season_report-1,shinshu;gemini_s007,secondary_annual_summary;first_date_disputed,reviewed_with_limits,出現日期有1/28與1/29記載；不以兩點拼成連續區間。
2005,not_observed,unknown,,2005-season_report-1,shinshu,secondary_annual_summary,reviewed_with_limits,尚未取得精確首次出現日或連續可見期間。
2006,occurred,unknown,,2006-season_report-1,shinshu,secondary_annual_summary,reviewed_with_limits,尚未取得精確首次出現日或連續可見期間。
2007,not_observed,unknown,,2007-season_report-1,shinshu,secondary_annual_summary,reviewed_with_limits,尚未取得精確首次出現日或連續可見期間。
2008,occurred,unknown,,2008-season_report-1,shinshu,secondary_annual_summary,reviewed_with_limits,尚未取得精確首次出現日或連續可見期間。
2009,not_observed,unknown,,2009-season_report-1,shinshu,secondary_annual_summary,reviewed_with_limits,尚未取得精確首次出現日或連續可見期間。
2010,not_observed,unknown,,2010-season_report-1,shinshu,secondary_annual_summary,reviewed_with_limits,尚未取得精確首次出現日或連續可見期間。
2011,not_observed,unknown,,2011-season_report-1,shinshu,secondary_annual_summary,reviewed_with_limits,尚未取得精確首次出現日或連續可見期間。
2012,occurred,unknown,,2012-observation_confirmation-2;2012-ceremony-3;2012-season_report-1,shinshu;gemini_s002,secondary_annual_summary,reviewed_with_limits,尚未取得精確首次出現日或連續可見期間。
2013,occurred,unknown,,2013-season_report-1;2013-sighting-2,shinshu,secondary_annual_summary,reviewed_with_limits,尚未取得精確首次出現日或連續可見期間。
2014,not_observed,unknown,,2014-season_report-1,mikami2018,retrospective_summary,reviewed_with_limits,尚未取得精確首次出現日或連續可見期間。
2015,not_observed,unknown,,2015-season_report-1,mikami2018,retrospective_summary,reviewed_with_limits,尚未取得精確首次出現日或連續可見期間。
2016,not_observed,unknown,,2016-season_report-1,mikami2018,retrospective_summary,reviewed_with_limits,尚未取得精確首次出現日或連續可見期間。
2017,not_observed,unknown,,2017-season_report-1,mikami2018,retrospective_summary,reviewed_with_limits,尚未取得精確首次出現日或連續可見期間。
2018,occurred,near_complete_observed,,2018-first_observed-6;2018-first_observed-1;2018-sighting-2;2018-ceremony-3;2018-sighting-4;2018-sighting-5,mikami2018;tourism;nagano;shinshu;gemini_s001,first_date_disputed,reviewed_with_limits,JCDP 研究者報導記 2/2 出現；地方觀光回顧記 2/1。此差異尚未由逐日原帳釐清，兩筆保留，均不納入精確出現日期統計。；來源亦有廣泛可見期間敘述，但本版未取得逐日連續觀測，仍只呈現可確認的單次照片。
2019,not_observed,unknown,,2019-season_report-1,suwa2026,retrospective_summary,reviewed_with_limits,尚未取得精確首次出現日或連續可見期間。
2020,not_observed,unknown,,2020-season_report-1,suwa2026,retrospective_summary,reviewed_with_limits,尚未取得精確首次出現日或連續可見期間。
2021,not_observed,unknown,,2021-season_report-1,suwa2026,retrospective_summary,reviewed_with_limits,尚未取得精確首次出現日或連續可見期間。
2022,not_observed,unknown,,2022-season_report-1,suwa2026,retrospective_summary,reviewed_with_limits,尚未取得精確首次出現日或連續可見期間。
2023,not_observed,unknown,,2023-declaration-2;2023-season_report-1,suwa2026;nagano,retrospective_summary,reviewed_with_limits,尚未取得精確首次出現日或連續可見期間。
2024,not_observed,unknown,,2024-season_report-1,suwa2026,retrospective_summary,reviewed_with_limits,尚未取得精確首次出現日或連續可見期間。
2025,not_observed,partial_observed,,2025-personal_sighting-2;2025-season_report-1,suwa2026;user2025,retrospective_summary,reviewed_with_limits,尚未取得精確首次出現日或連續可見期間。
2026,not_observed,complete_observed,,2026-declaration-3;2026-season_report-1;2026-ice_cover-2,suwa2026;gemini_s004,declaration_scope_not_full_season,reviewed_with_limits,尚未取得精確首次出現日或連續可見期間。
